file_name,category
10062724.pdf,HEALTHCARE
10070224.pdf,PUBLIC-RELATIONS
10076271.pdf,HEALTHCARE
10089434.pdf,INFORMATION-TECHNOLOGY
10138632.pdf,FITNESS
10247517.pdf,INFORMATION-TECHNOLOGY
10281555.pdf,CONSTRUCTION
10399912.pdf,HR
10464113.pdf,BUSINESS-DEVELOPMENT
10504237.pdf,TEACHER
10527994.pdf,TEACHER
10554045.pdf,PUBLIC-RELATIONS
10694288.pdf,HR
10734870.pdf,CONSTRUCTION
11088337.pdf,BUSINESS-DEVELOPMENT
11169163.pdf,AVIATION
11289482.pdf,BUSINESS-DEVELOPMENT
11333001.pdf,AVIATION
11672279.pdf,BANKING
11759079.pdf,ACCOUNTANT
11773925.pdf,BANKING
12065211.pdf,ACCOUNTANT
12122372.pdf,APPAREL
12413512.pdf,TEACHER
12488356.pdf,ENGINEERING
12518008.pdf,ENGINEERING
12526702.pdf,ENGINEERING
12668625.pdf,APPAREL
12777487.pdf,ARTS
12897903.pdf,CONSULTANT
13115648.pdf,ADVOCATE
13342150.pdf,HEALTHCARE
14106638.pdf,FINANCE
14181049.pdf,FINANCE
14771530.pdf,DIGITAL-MEDIA
14945250.pdf,DIGITAL-MEDIA
15210069.pdf,AUTOMOBILE
15484011.pdf,AUTOMOBILE
19362586.pdf,BANKING
23933031.pdf,INFORMATION-TECHNOLOGY
24708621.pdf,BUSINESS-DEVELOPMENT
24767027.pdf,FITNESS
29142288.pdf,ADVOCATE
29510501.pdf,TEACHER
30826569.pdf,CHEF
31547476.pdf,CHEF
54201930.pdf,DESIGNER
62312955.pdf,DESIGNER
